filename,city,lat,long,beautiful,safe,lively,clean,depressing,wealthy
41.872482_-87.690176_513d36e2fdc9f03587002bc5_Chicago.JPG,Chicago,41.872482,-87.690176,0,0,0,2,2,1
41.784105_-87.599458_513d3000fdc9f035870026cc_Chicago.JPG,Chicago,41.784105,-87.599458,1,0,0,0,1,1
41.808583_-87.666315_513d2e36fdc9f0358700256b_Chicago.JPG,Chicago,41.808583,-87.666315,0,0,0,1,1,1
41.834064_-87.616097_513cc6b4fdc9f03587001995_Chicago.JPG,Chicago,41.834064,-87.616097,0,0,0,1,0,0
41.866391_-87.708078_513cbafafdc9f03587000e65_Chicago.JPG,Chicago,41.866391,-87.708078,1,1,0,0,0,1
41.760946_-87.658869_513cc6a2fdc9f03587001983_Chicago.JPG,Chicago,41.760946,-87.658869,1,1,0,0,0,2
41.778584_-87.728581_513cb8d2fdc9f03587000c68_Chicago.JPG,Chicago,41.778584,-87.728581,1,1,1,2,1,0
41.955287_-87.678787_513cc25cfdc9f03587001571_Chicago.JPG,Chicago,41.955287,-87.678787,0,0,0,0,1,1
41.752145_-87.702460_513cc31cfdc9f0358700162a_Chicago.JPG,Chicago,41.752145,-87.70246,1,0,0,1,0,2
41.779918_-87.579426_513cc942fdc9f03587001bf9_Chicago.JPG,Chicago,41.779918,-87.579426,1,0,0,2,2,1
41.902669_-87.641768_513cbd5cfdc9f03587001098_Chicago.JPG,Chicago,41.902669,-87.641768,1,0,1,0,1,1
41.751490_-87.586499_513cb8f2fdc9f03587000c85_Chicago.JPG,Chicago,41.75149,-87.586499,1,0,0,0,2,1
41.823931_-87.606907_513d2eaefdc9f035870025cc_Chicago.JPG,Chicago,41.823931,-87.606907,1,0,0,1,1,2
41.941193_-87.775692_513d36aafdc9f03587002bb1_Chicago.JPG,Chicago,41.941193,-87.775692,1,0,0,0,0,1
41.788391_-87.799482_513cc32efdc9f0358700163c_Chicago.JPG,Chicago,41.788391,-87.799482,1,0,0,1,2,1
41.817952_-87.606641_513cc0a0fdc9f035870013c8_Chicago.JPG,Chicago,41.817952,-87.606641,0,1,0,0,1,1
41.968183_-87.732961_513cbc6cfdc9f03587000fbc_Chicago.JPG,Chicago,41.968183,-87.732961,1,0,0,1,1,1
41.838108_-87.651420_513cc8b8fdc9f03587001b75_Chicago.JPG,Chicago,41.838108,-87.65142,1,0,0,1,1,2
41.867343_-87.646712_513cbff4fdc9f03587001320_Chicago.JPG,Chicago,41.867343,-87.646712,1,1,1,1,1,0
41.918168_-87.648403_513d2e92fdc9f035870025b4_Chicago.JPG,Chicago,41.918168,-87.648403,0,0,0,0,1,0
41.818382_-87.698249_513d2fa8fdc9f03587002683_Chicago.JPG,Chicago,41.818382,-87.698249,1,0,0,1,0,1
41.809291_-87.608968_513d3640fdc9f03587002b7a_Chicago.JPG,Chicago,41.809291,-87.608968,1,0,0,1,1,1
41.919986_-87.677704_513cbe80fdc9f035870011ad_Chicago.JPG,Chicago,41.919986,-87.677704,0,0,0,1,2,1
41.932165_-87.733132_513cc0b0fdc9f035870013da_Chicago.JPG,Chicago,41.932165,-87.733132,0,0,0,2,1,2
41.912509_-87.645906_513cc1eefdc9f03587001505_Chicago.JPG,Chicago,41.912509,-87.645906,1,0,0,1,1,1
41.748868_-87.721890_513cc212fdc9f0358700152b_Chicago.JPG,Chicago,41.748868,-87.72189,2,0,1,1,0,0
41.905701_-87.696938_513cbc0efdc9f03587000f5f_Chicago.JPG,Chicago,41.905701,-87.696938,1,0,0,0,1,0
41.919973_-87.721719_513cc774fdc9f03587001a48_Chicago.JPG,Chicago,41.919973,-87.721719,0,1,0,1,1,1
41.968376_-87.658869_513d3302fdc9f03587002920_Chicago.JPG,Chicago,41.968376,-87.658869,1,0,0,1,0,0
41.846420_-87.732680_513cc25efdc9f03587001574_Chicago.JPG,Chicago,41.84642,-87.73268,0,0,0,2,1,1
41.871418_-87.710689_513cbef9fdc9f0358700121f_Chicago.JPG,Chicago,41.871418,-87.710689,0,0,0,1,0,1
41.903350_-87.666528_513cbac7fdc9f03587000e34_Chicago.JPG,Chicago,41.90335,-87.666528,1,0,0,1,1,1
41.946534_-87.715223_513cbcccfdc9f03587001017_Chicago.JPG,Chicago,41.946534,-87.715223,0,0,0,0,0,2
41.833951_-87.680898_513cc6d4fdc9f035870019b5_Chicago.JPG,Chicago,41.833951,-87.680898,1,0,0,0,0,1
41.753596_-87.644110_513cc928fdc9f03587001be2_Chicago.JPG,Chicago,41.753596,-87.64411,0,0,0,1,2,1
41.879458_-87.737872_513cbfa8fdc9f035870012d3_Chicago.JPG,Chicago,41.879458,-87.737872,1,0,1,0,1,2
41.886014_-87.674258_513d34f0fdc9f03587002a81_Chicago.JPG,Chicago,41.886014,-87.674258,0,0,0,1,2,1
41.830185_-87.677718_513d327cfdc9f035870028bd_Chicago.JPG,Chicago,41.830185,-87.677718,1,1,1,2,0,1
41.918839_-87.739770_513cc8d4fdc9f03587001b93_Chicago.JPG,Chicago,41.918839,-87.73977,0,0,0,1,2,1
41.970465_-87.685930_513d2d26fdc9f035870024a4_Chicago.JPG,Chicago,41.970465,-87.68593,0,0,0,0,1,1
41.866298_-87.722719_513d3292fdc9f035870028d0_Chicago.JPG,Chicago,41.866298,-87.722719,0,0,0,1,1,1
41.871115_-87.690126_513cbae6fdc9f03587000e51_Chicago.JPG,Chicago,41.871115,-87.690126,0,1,0,1,1,0
41.802063_-87.618572_513cc088fdc9f035870013af_Chicago.JPG,Chicago,41.802063,-87.618572,0,0,0,0,2,2
41.808030_-87.712371_513d2ea0fdc9f035870025c2_Chicago.JPG,Chicago,41.80803,-87.712371,0,1,0,1,1,1
41.809204_-87.664177_513d3870fdc9f03587002c59_Chicago.JPG,Chicago,41.809204,-87.664177,0,0,0,0,1,1
41.837145_-87.613470_513cb66cfdc9f03587000a36_Chicago.JPG,Chicago,41.837145,-87.61347,1,0,0,2,2,0
41.816956_-87.618362_513d3708fdc9f03587002bd3_Chicago.JPG,Chicago,41.816956,-87.618362,1,1,0,1,1,1
41.782858_-87.797069_513cbb32fdc9f03587000e9b_Chicago.JPG,Chicago,41.782858,-87.797069,1,0,0,1,1,1
41.888134_-87.641355_513cc4f2fdc9f035870017f9_Chicago.JPG,Chicago,41.888134,-87.641355,1,0,0,1,2,1
41.888269_-87.656876_513d2de7fdc9f03587002533_Chicago.JPG,Chicago,41.888269,-87.656876,0,0,1,1,1,0
41.957983_-87.669067_513d3336fdc9f03587002942_Chicago.JPG,Chicago,41.957983,-87.669067,1,0,0,0,1,0
41.888813_-87.669628_513cbca2fdc9f03587000ff2_Chicago.JPG,Chicago,41.888813,-87.669628,0,0,0,1,1,0
41.806052_-87.590579_513cb672fdc9f03587000a3b_Chicago.JPG,Chicago,41.806052,-87.590579,0,0,0,1,0,1
41.880130_-87.698713_513cb350fdc9f0358700072b_Chicago.JPG,Chicago,41.88013,-87.698713,1,0,0,1,1,0
41.806726_-87.613868_513cc370fdc9f03587001686_Chicago.JPG,Chicago,41.806726,-87.613868,0,0,0,1,2,0
41.758147_-87.732488_513cbd5afdc9f03587001095_Chicago.JPG,Chicago,41.758147,-87.732488,0,0,0,1,1,1
41.886945_-87.645703_513d2f4efdc9f0358700263d_Chicago.JPG,Chicago,41.886945,-87.645703,0,0,1,0,0,1
41.922295_-87.632264_513cc7b6fdc9f03587001a8a_Chicago.JPG,Chicago,41.922295,-87.632264,1,0,0,1,2,1
41.880048_-87.626135_513d2ef4fdc9f03587002600_Chicago.JPG,Chicago,41.880048,-87.626135,1,0,1,2,0,1
41.798135_-87.624049_513d31d4fdc9f03587002839_Chicago.JPG,Chicago,41.798135,-87.624049,1,0,0,1,1,0
41.791039_-87.623248_513cc74efdc9f03587001a28_Chicago.JPG,Chicago,41.791039,-87.623248,1,0,0,1,1,1
41.885352_-87.626237_513d367cfdc9f03587002ba3_Chicago.JPG,Chicago,41.885352,-87.626237,0,0,0,1,0,0
41.779813_-87.765582_513d3410fdc9f035870029dc_Chicago.JPG,Chicago,41.779813,-87.765582,1,0,0,1,2,1
41.774101_-87.667745_513cc108fdc9f03587001431_Chicago.JPG,Chicago,41.774101,-87.667745,1,1,0,1,0,0
41.779462_-87.591465_513cc3dafdc9f035870016ea_Chicago.JPG,Chicago,41.779462,-87.591465,1,0,0,1,1,2
41.895713_-87.688726_513cb6fafdc9f03587000ab5_Chicago.JPG,Chicago,41.895713,-87.688726,0,0,0,1,0,1
41.879515_-87.625288_513cb330fdc9f0358700070f_Chicago.JPG,Chicago,41.879515,-87.625288,0,0,0,1,0,0
41.876015_-87.737817_513d2dd9fdc9f03587002527_Chicago.JPG,Chicago,41.876015,-87.737817,0,1,0,0,0,1
41.968766_-87.677812_513cb765fdc9f03587000b0f_Chicago.JPG,Chicago,41.968766,-87.677812,1,0,0,1,2,1
41.929163_-87.650088_513d3592fdc9f03587002af7_Chicago.JPG,Chicago,41.929163,-87.650088,0,0,0,1,1,1
41.744273_-87.684621_513cba3efdc9f03587000db6_Chicago.JPG,Chicago,41.744273,-87.684621,0,0,0,1,1,0
41.871541_-87.735819_513d31a4fdc9f03587002814_Chicago.JPG,Chicago,41.871541,-87.735819,0,0,0,1,2,0
41.803912_-87.618024_513cc78cfdc9f03587001a5f_Chicago.JPG,Chicago,41.803912,-87.618024,1,0,0,0,1,1
41.867908_-87.668928_513cbd64fdc9f0358700109f_Chicago.JPG,Chicago,41.867908,-87.668928,0,0,0,1,1,1
41.776541_-87.615549_513cc59afdc9f03587001893_Chicago.JPG,Chicago,41.776541,-87.615549,1,0,0,2,1,0
41.954509_-87.727642_513d3758fdc9f03587002bf4_Chicago.JPG,Chicago,41.954509,-87.727642,0,0,0,0,1,0
41.775782_-87.734889_513d317afdc9f035870027f5_Chicago.JPG,Chicago,41.775782,-87.734889,0,0,0,0,1,0
41.811477_-87.727993_513cc5fefdc9f035870018eb_Chicago.JPG,Chicago,41.811477,-87.727993,0,0,0,1,1,1
41.898738_-87.631303_513d322afdc9f0358700287e_Chicago.JPG,Chicago,41.898738,-87.631303,1,0,0,2,2,0
41.884585_-87.684047_513d33adfdc9f03587002986_Chicago.JPG,Chicago,41.884585,-87.684047,0,1,0,0,1,1
41.947212_-87.769231_513cb868fdc9f03587000bfb_Chicago.JPG,Chicago,41.947212,-87.769231,0,0,0,1,1,0
41.884290_-87.653449_513cc458fdc9f03587001765_Chicago.JPG,Chicago,41.88429,-87.653449,1,0,0,0,1,0
41.760813_-87.564792_513cc44cfdc9f03587001759_Chicago.JPG,Chicago,41.760813,-87.564792,0,1,0,0,0,0
41.946236_-87.657865_513d2e0cfdc9f0358700254d_Chicago.JPG,Chicago,41.946236,-87.657865,1,0,0,1,0,1
41.798451_-87.744363_513d38e4fdc9f03587002c87_Chicago.JPG,Chicago,41.798451,-87.744363,0,1,1,0,1,0
41.818469_-87.613945_513d375afdc9f03587002bf5_Chicago.JPG,Chicago,41.818469,-87.613945,0,0,0,1,0,0
41.894412_-87.684353_513cc922fdc9f03587001bdb_Chicago.JPG,Chicago,41.894412,-87.684353,0,0,1,1,1,1
41.914626_-87.781225_513cb586fdc9f0358700094f_Chicago.JPG,Chicago,41.914626,-87.781225,0,0,0,0,0,1
41.784117_-87.787602_513d3742fdc9f03587002bea_Chicago.JPG,Chicago,41.784117,-87.787602,1,0,0,0,1,1
41.936368_-87.794414_513cbf08fdc9f0358700122a_Chicago.JPG,Chicago,41.936368,-87.794414,0,0,0,1,1,1
41.841317_-87.680707_513cc284fdc9f0358700159c_Chicago.JPG,Chicago,41.841317,-87.680707,1,1,0,1,1,0
41.794181_-87.772117_513d2f68fdc9f03587002650_Chicago.JPG,Chicago,41.794181,-87.772117,0,0,0,2,2,0
41.946534_-87.715223_513cbee0fdc9f03587001205_Chicago.JPG,Chicago,41.946534,-87.715223,1,0,0,0,1,0
41.753282_-87.576016_513cbe76fdc9f035870011a3_Chicago.JPG,Chicago,41.753282,-87.576016,1,0,0,0,2,2
41.962074_-87.782562_513cc1cefdc9f035870014ea_Chicago.JPG,Chicago,41.962074,-87.782562,0,0,0,0,1,1
41.818009_-87.601890_513d3014fdc9f035870026dc_Chicago.JPG,Chicago,41.818009,-87.60189,1,0,0,1,1,0
41.875171_-87.667269_513d3358fdc9f0358700295c_Chicago.JPG,Chicago,41.875171,-87.667269,0,0,0,1,0,1
41.838138_-87.649533_513cc1d4fdc9f035870014ef_Chicago.JPG,Chicago,41.838138,-87.649533,1,0,0,1,1,1
41.771280_-87.722624_513cb81afdc9f03587000bb7_Chicago.JPG,Chicago,41.77128,-87.722624,0,0,0,1,1,2
41.953435_-87.781683_513d2fe0fdc9f035870026b2_Chicago.JPG,Chicago,41.953435,-87.781683,0,0,1,2,1,1
41.803954_-87.603804_513d3074fdc9f03587002727_Chicago.JPG,Chicago,41.803954,-87.603804,1,0,0,2,0,2
41.857940_-87.657813_513cb31afdc9f035870006ff_Chicago.JPG,Chicago,41.85794,-87.657813,1,0,0,0,1,0
41.921376_-87.806159_513cc5bafdc9f035870018b2_Chicago.JPG,Chicago,41.921376,-87.806159,2,0,0,1,2,1
41.791707_-87.579943_513cc702fdc9f035870019e1_Chicago.JPG,Chicago,41.791707,-87.579943,0,1,0,1,1,0
41.953976_-87.690853_513cbeb2fdc9f035870011dd_Chicago.JPG,Chicago,41.953976,-87.690853,1,0,0,1,0,2
41.870120_-87.755161_513cbad6fdc9f03587000e3f_Chicago.JPG,Chicago,41.87012,-87.755161,0,0,0,2,1,0
41.741887_-87.628020_513d3582fdc9f03587002aea_Chicago.JPG,Chicago,41.741887,-87.62802,0,1,1,1,1,2
41.899739_-87.664964_513d368efdc9f03587002bab_Chicago.JPG,Chicago,41.899739,-87.664964,1,0,0,1,1,2
41.760546_-87.589042_513cb70efdc9f03587000ac5_Chicago.JPG,Chicago,41.760546,-87.589042,0,0,0,1,1,1
41.764777_-87.676131_513cb75efdc9f03587000b0c_Chicago.JPG,Chicago,41.764777,-87.676131,0,0,0,1,1,1
41.866631_-87.699565_513cc356fdc9f03587001669_Chicago.JPG,Chicago,41.866631,-87.699565,0,0,0,0,1,1
41.964621_-87.761436_513cbe66fdc9f03587001196_Chicago.JPG,Chicago,41.964621,-87.761436,0,1,1,1,1,0
41.941065_-87.703366_513d32d6fdc9f03587002902_Chicago.JPG,Chicago,41.941065,-87.703366,0,1,0,0,1,1
41.844155_-87.658364_513d303afdc9f035870026f6_Chicago.JPG,Chicago,41.844155,-87.658364,0,0,0,1,0,0
41.819907_-87.638485_513d2d30fdc9f035870024ad_Chicago.JPG,Chicago,41.819907,-87.638485,0,0,0,1,0,2
41.777765_-87.655810_513cc372fdc9f03587001688_Chicago.JPG,Chicago,41.777765,-87.65581,0,0,1,1,1,1
41.750547_-87.681542_513d3434fdc9f035870029f7_Chicago.JPG,Chicago,41.750547,-87.681542,0,0,1,1,1,1
41.909643_-87.739771_513d2d3afdc9f035870024b5_Chicago.JPG,Chicago,41.909643,-87.739771,0,1,0,1,1,2
41.901446_-87.643780_513cc05efdc9f03587001384_Chicago.JPG,Chicago,41.901446,-87.64378,1,0,0,1,1,0
41.805826_-87.681914_513cc53afdc9f0358700183c_Chicago.JPG,Chicago,41.805826,-87.681914,0,0,0,1,2,0
41.749921_-87.667069_513cc88efdc9f03587001b52_Chicago.JPG,Chicago,41.749921,-87.667069,0,0,0,2,1,1
41.803912_-87.618024_513cc828fdc9f03587001aef_Chicago.JPG,Chicago,41.803912,-87.618024,1,0,0,1,0,0
41.811342_-87.748137_513d36b4fdc9f03587002bb5_Chicago.JPG,Chicago,41.811342,-87.748137,1,0,0,1,1,1
41.891728_-87.721744_513d33f0fdc9f035870029c7_Chicago.JPG,Chicago,41.891728,-87.721744,1,0,0,1,2,0
41.874544_-87.723013_513cc7b0fdc9f03587001a84_Chicago.JPG,Chicago,41.874544,-87.723013,1,0,1,1,1,1
41.915314_-87.730267_513cb90efdc9f03587000c9f_Chicago.JPG,Chicago,41.915314,-87.730267,0,0,0,2,1,1
41.928072_-87.724412_513cc6aefdc9f0358700198f_Chicago.JPG,Chicago,41.928072,-87.724412,0,0,0,0,1,1
41.757156_-87.566188_513d300cfdc9f035870026d6_Chicago.JPG,Chicago,41.757156,-87.566188,1,0,1,2,0,0
41.913786_-87.664382_513cc53cfdc9f0358700183e_Chicago.JPG,Chicago,41.913786,-87.664382,1,0,0,1,1,0
41.794254_-87.780529_513cbe7cfdc9f035870011a8_Chicago.JPG,Chicago,41.794254,-87.780529,0,0,0,1,2,1
41.945912_-87.763665_513cb6cafdc9f03587000a8d_Chicago.JPG,Chicago,41.945912,-87.763665,1,0,1,1,1,1
41.967259_-87.655500_513d2cd2fdc9f03587002465_Chicago.JPG,Chicago,41.967259,-87.6555,0,0,0,1,1,1
41.950656_-87.747156_513d336efdc9f03587002969_Chicago.JPG,Chicago,41.950656,-87.747156,1,0,0,1,2,1
41.865477_-87.671308_513cc8a0fdc9f03587001b60_Chicago.JPG,Chicago,41.865477,-87.671308,0,0,0,1,2,0
41.837487_-87.637729_513cc37efdc9f03587001691_Chicago.JPG,Chicago,41.837487,-87.637729,0,0,0,1,0,0
41.861818_-87.692022_513cb5b0fdc9f03587000976_Chicago.JPG,Chicago,41.861818,-87.692022,1,0,0,1,1,1
41.836321_-87.678101_513d38e0fdc9f03587002c85_Chicago.JPG,Chicago,41.836321,-87.678101,0,0,0,1,0,1
41.930027_-87.724356_513d3426fdc9f035870029ec_Chicago.JPG,Chicago,41.930027,-87.724356,1,0,0,2,1,1
41.872042_-87.637472_513cb9e4fdc9f03587000d64_Chicago.JPG,Chicago,41.872042,-87.637472,2,0,0,1,2,1
41.807902_-87.688072_513d3762fdc9f03587002bf9_Chicago.JPG,Chicago,41.807902,-87.688072,1,0,0,1,1,1
41.783501_-87.765013_513cb794fdc9f03587000b3e_Chicago.JPG,Chicago,41.783501,-87.765013,0,0,0,1,1,0
41.804017_-87.738794_513cc93cfdc9f03587001bf3_Chicago.JPG,Chicago,41.804017,-87.738794,2,0,0,1,1,2
41.852203_-87.674103_513cc792fdc9f03587001a66_Chicago.JPG,Chicago,41.852203,-87.674103,1,0,0,1,2,0
41.810217_-87.635263_513cbe24fdc9f03587001153_Chicago.JPG,Chicago,41.810217,-87.635263,1,1,0,1,1,0
41.935209_-87.698890_513d37e0fdc9f03587002c22_Chicago.JPG,Chicago,41.935209,-87.69889,1,0,0,1,0,2
41.930237_-87.703695_513cc638fdc9f0358700191f_Chicago.JPG,Chicago,41.930237,-87.703695,0,0,0,1,1,0
41.835024_-87.729155_513d38e8fdc9f03587002c88_Chicago.JPG,Chicago,41.835024,-87.729155,1,1,1,1,1,1
41.822506_-87.687273_513cc18cfdc9f035870014ad_Chicago.JPG,Chicago,41.822506,-87.687273,1,0,1,2,1,2
41.901388_-87.676128_513cc0c2fdc9f035870013ea_Chicago.JPG,Chicago,41.901388,-87.676128,0,0,0,1,1,0
41.823158_-87.663262_513cc4d8fdc9f035870017de_Chicago.JPG,Chicago,41.823158,-87.663262,0,1,0,0,1,1
41.811895_-87.694934_513cb9d4fdc9f03587000d57_Chicago.JPG,Chicago,41.811895,-87.694934,0,0,0,0,0,0
41.796677_-87.752623_513d2e0afdc9f0358700254b_Chicago.JPG,Chicago,41.796677,-87.752623,0,0,0,2,2,0
41.781388_-87.722246_513d321cfdc9f03587002871_Chicago.JPG,Chicago,41.781388,-87.722246,1,0,0,1,0,1
41.838915_-87.712837_513cb5aafdc9f03587000972_Chicago.JPG,Chicago,41.838915,-87.712837,0,0,1,1,1,1
41.932776_-87.756457_513cc51efdc9f03587001822_Chicago.JPG,Chicago,41.932776,-87.756457,0,0,1,1,0,0
41.899714_-87.634316_513cbd56fdc9f03587001092_Chicago.JPG,Chicago,41.899714,-87.634316,1,0,0,1,1,1
41.878045_-87.638812_513cc690fdc9f03587001971_Chicago.JPG,Chicago,41.878045,-87.638812,0,0,0,0,2,1
41.909432_-87.792346_513cc0a2fdc9f035870013ca_Chicago.JPG,Chicago,41.909432,-87.792346,0,0,0,1,1,0
41.885534_-87.654474_513cbb28fdc9f03587000e94_Chicago.JPG,Chicago,41.885534,-87.654474,0,0,0,1,1,1
41.927660_-87.725627_513cc280fdc9f03587001598_Chicago.JPG,Chicago,41.92766,-87.725627,0,0,0,2,2,0
41.918246_-87.643730_513d2f8cfdc9f0358700266d_Chicago.JPG,Chicago,41.918246,-87.64373,1,0,1,1,1,1
41.880194_-87.749420_513cb6f0fdc9f03587000aaa_Chicago.JPG,Chicago,41.880194,-87.74942,2,1,1,1,1,0
41.838603_-87.734698_513cbc02fdc9f03587000f54_Chicago.JPG,Chicago,41.838603,-87.734698,0,0,0,1,1,0
41.797588_-87.796601_513d3226fdc9f0358700287a_Chicago.JPG,Chicago,41.797588,-87.796601,1,0,0,1,1,1
41.845492_-87.734316_513d38d2fdc9f03587002c80_Chicago.JPG,Chicago,41.845492,-87.734316,0,0,0,2,1,1
41.771446_-87.635014_513cba2cfdc9f03587000da5_Chicago.JPG,Chicago,41.771446,-87.635014,1,0,0,1,2,2
41.803323_-87.650927_513cbc08fdc9f03587000f57_Chicago.JPG,Chicago,41.803323,-87.650927,1,0,0,1,1,0
41.917474_-87.698211_513d320afdc9f03587002863_Chicago.JPG,Chicago,41.917474,-87.698211,0,0,0,0,1,2
41.906525_-87.706893_513cc8f0fdc9f03587001bb0_Chicago.JPG,Chicago,41.906525,-87.706893,1,0,0,1,1,0
41.857635_-87.640669_513d31d8fdc9f0358700283d_Chicago.JPG,Chicago,41.857635,-87.640669,0,0,0,1,1,1
41.869963_-87.703326_513cbdc0fdc9f035870010f8_Chicago.JPG,Chicago,41.869963,-87.703326,1,1,0,1,1,0
41.953169_-87.767003_513cc944fdc9f03587001bfa_Chicago.JPG,Chicago,41.953169,-87.767003,1,0,0,0,1,1
41.945552_-87.680940_513cc69afdc9f0358700197a_Chicago.JPG,Chicago,41.945552,-87.68094,1,0,0,2,1,0
41.886689_-87.662080_513cbeb6fdc9f035870011e0_Chicago.JPG,Chicago,41.886689,-87.66208,0,0,0,1,1,1
41.762371_-87.715609_513d2decfdc9f03587002539_Chicago.JPG,Chicago,41.762371,-87.715609,0,0,0,0,2,0
41.793166_-87.603794_513d307efdc9f0358700272e_Chicago.JPG,Chicago,41.793166,-87.603794,0,0,0,1,1,0
41.873661_-87.735844_513cbbf4fdc9f03587000f4a_Chicago.JPG,Chicago,41.873661,-87.735844,0,0,0,1,2,0
41.838367_-87.659735_513cc4ecfdc9f035870017f3_Chicago.JPG,Chicago,41.838367,-87.659735,0,0,1,1,1,1
41.780005_-87.623672_513cc4e4fdc9f035870017ea_Chicago.JPG,Chicago,41.780005,-87.623672,1,0,0,1,2,2
41.795878_-87.793477_513d311afdc9f035870027a9_Chicago.JPG,Chicago,41.795878,-87.793477,0,0,0,0,1,1
41.779940_-87.633437_513cc754fdc9f03587001a2a_Chicago.JPG,Chicago,41.77994,-87.633437,1,0,0,1,1,1
41.768653_-87.721885_513d384cfdc9f03587002c4b_Chicago.JPG,Chicago,41.768653,-87.721885,0,0,0,1,1,1
41.753347_-87.597953_513cc772fdc9f03587001a45_Chicago.JPG,Chicago,41.753347,-87.597953,0,0,0,0,1,0
41.840445_-87.735310_513d3148fdc9f035870027cd_Chicago.JPG,Chicago,41.840445,-87.73531,1,0,0,0,1,0
41.912015_-87.704552_513cbf07fdc9f03587001228_Chicago.JPG,Chicago,41.912015,-87.704552,0,0,0,1,1,0
41.870878_-87.712969_513cb800fdc9f03587000b9f_Chicago.JPG,Chicago,41.870878,-87.712969,1,0,0,1,0,2
41.878550_-87.672898_513cb724fdc9f03587000ad9_Chicago.JPG,Chicago,41.87855,-87.672898,0,0,0,1,2,1
41.935048_-87.685535_513cb341fdc9f0358700071d_Chicago.JPG,Chicago,41.935048,-87.685535,0,0,0,1,0,1
41.925910_-87.672850_513cbb52fdc9f03587000eba_Chicago.JPG,Chicago,41.92591,-87.67285,1,0,0,1,1,1
41.808160_-87.701989_513d31e6fdc9f03587002848_Chicago.JPG,Chicago,41.80816,-87.701989,1,0,1,1,1,1
41.805826_-87.681914_513d3208fdc9f03587002861_Chicago.JPG,Chicago,41.805826,-87.681914,0,0,0,0,1,1
41.830567_-87.644877_513cbabcfdc9f03587000e25_Chicago.JPG,Chicago,41.830567,-87.644877,0,0,0,1,1,2
41.853259_-87.666068_513cbb68fdc9f03587000ed0_Chicago.JPG,Chicago,41.853259,-87.666068,1,1,0,1,0,0
41.742563_-87.571595_513d365cfdc9f03587002b90_Chicago.JPG,Chicago,41.742563,-87.571595,0,0,0,1,1,1
41.782214_-87.729623_513cc498fdc9f0358700179f_Chicago.JPG,Chicago,41.782214,-87.729623,1,1,0,1,1,1
41.955867_-87.681223_513cc206fdc9f0358700151e_Chicago.JPG,Chicago,41.955867,-87.681223,0,1,0,1,1,1
41.950440_-87.709130_513cc04afdc9f03587001371_Chicago.JPG,Chicago,41.95044,-87.70913,0,0,1,0,1,2
41.761046_-87.683077_513cc5c4fdc9f035870018ba_Chicago.JPG,Chicago,41.761046,-87.683077,1,0,0,0,1,1
41.808621_-87.662927_513cb512fdc9f035870008d9_Chicago.JPG,Chicago,41.808621,-87.662927,1,0,0,1,0,1
41.779585_-87.777093_513cc920fdc9f03587001bd9_Chicago.JPG,Chicago,41.779585,-87.777093,1,1,0,1,2,1
41.945272_-87.661442_513cbca4fdc9f03587000ff3_Chicago.JPG,Chicago,41.945272,-87.661442,1,0,0,0,1,1
41.938194_-87.790759_513d3262fdc9f035870028ac_Chicago.JPG,Chicago,41.938194,-87.790759,1,0,0,0,2,1
41.802958_-87.682744_513d333efdc9f03587002948_Chicago.JPG,Chicago,41.802958,-87.682744,1,0,0,0,2,1
41.778754_-87.597611_513cbd3cfdc9f03587001079_Chicago.JPG,Chicago,41.778754,-87.597611,0,0,0,1,0,1
41.873826_-87.735415_513cc01afdc9f03587001343_Chicago.JPG,Chicago,41.873826,-87.735415,1,0,0,1,2,1
41.902553_-87.723849_513cc05cfdc9f03587001382_Chicago.JPG,Chicago,41.902553,-87.723849,0,0,0,2,1,0
41.748032_-87.570392_513cc068fdc9f0358700138e_Chicago.JPG,Chicago,41.748032,-87.570392,0,0,0,1,1,0
41.966436_-87.650042_513cc93afdc9f03587001bf1_Chicago.JPG,Chicago,41.966436,-87.650042,1,1,0,1,0,0
41.877634_-87.679774_513cbe1efdc9f0358700114c_Chicago.JPG,Chicago,41.877634,-87.679774,0,0,0,1,1,1
41.761523_-87.651599_513cc99efdc9f03587001c4c_Chicago.JPG,Chicago,41.761523,-87.651599,1,0,1,1,1,1
41.935705_-87.708113_513cbe3ffdc9f0358700116f_Chicago.JPG,Chicago,41.935705,-87.708113,0,0,0,1,0,0
41.769230_-87.717611_513cb746fdc9f03587000afb_Chicago.JPG,Chicago,41.76923,-87.717611,1,0,0,2,1,1
41.840538_-87.725652_513cc2c4fdc9f035870015d7_Chicago.JPG,Chicago,41.840538,-87.725652,0,1,0,1,0,0
41.894997_-87.620511_513d3504fdc9f03587002a8e_Chicago.JPG,Chicago,41.894997,-87.620511,1,0,1,1,1,1
41.846236_-87.670754_513cc768fdc9f03587001a3b_Chicago.JPG,Chicago,41.846236,-87.670754,0,0,0,1,1,1
41.943570_-87.652803_513cc242fdc9f03587001555_Chicago.JPG,Chicago,41.94357,-87.652803,1,0,0,0,1,0
41.832584_-87.645903_513d302ffdc9f035870026ee_Chicago.JPG,Chicago,41.832584,-87.645903,0,0,0,0,0,1
41.759335_-87.672244_513cb7fefdc9f03587000b9d_Chicago.JPG,Chicago,41.759335,-87.672244,0,1,1,1,1,0
41.897874_-87.664966_513cba40fdc9f03587000db8_Chicago.JPG,Chicago,41.897874,-87.664966,0,0,0,0,0,0
41.902669_-87.641768_513cc6e8fdc9f035870019c6_Chicago.JPG,Chicago,41.902669,-87.641768,0,1,0,1,2,0
41.850225_-87.685405_513cc904fdc9f03587001bc3_Chicago.JPG,Chicago,41.850225,-87.685405,0,0,0,1,1,2
41.918626_-87.795079_513cc858fdc9f03587001b21_Chicago.JPG,Chicago,41.918626,-87.795079,1,0,0,0,0,1
41.885215_-87.633938_513cc1b8fdc9f035870014d5_Chicago.JPG,Chicago,41.885215,-87.633938,0,0,0,1,0,0
41.903497_-87.655281_513d32defdc9f03587002907_Chicago.JPG,Chicago,41.903497,-87.655281,0,0,0,1,1,1
41.826698_-87.678800_513cbfd4fdc9f035870012fe_Chicago.JPG,Chicago,41.826698,-87.6788,0,1,0,1,1,0
41.852908_-87.625668_513d2d62fdc9f035870024d3_Chicago.JPG,Chicago,41.852908,-87.625668,0,0,0,1,1,1
41.906961_-87.730098_513cc6d6fdc9f035870019b6_Chicago.JPG,Chicago,41.906961,-87.730098,2,0,0,1,1,1
41.872264_-87.649777_513d2f2afdc9f03587002624_Chicago.JPG,Chicago,41.872264,-87.649777,1,0,0,1,2,1
41.919986_-87.677704_513cbf94fdc9f035870012be_Chicago.JPG,Chicago,41.919986,-87.677704,1,0,0,1,2,1
41.959262_-87.702089_513d32a2fdc9f035870028d7_Chicago.JPG,Chicago,41.959262,-87.702089,1,0,0,2,2,1
41.794590_-87.758681_513cbc04fdc9f03587000f56_Chicago.JPG,Chicago,41.79459,-87.758681,1,0,0,0,1,1
41.925049_-87.675128_513d318efdc9f03587002804_Chicago.JPG,Chicago,41.925049,-87.675128,0,1,0,1,2,1
41.871129_-87.688551_513cbdaafdc9f035870010e2_Chicago.JPG,Chicago,41.871129,-87.688551,0,0,0,0,0,1
41.791424_-87.596415_513cb74afdc9f03587000aff_Chicago.JPG,Chicago,41.791424,-87.596415,0,0,0,1,1,1
41.845487_-87.656015_513cc342fdc9f03587001653_Chicago.JPG,Chicago,41.845487,-87.656015,1,0,0,1,0,1
41.808544_-87.640659_513d33ecfdc9f035870029c3_Chicago.JPG,Chicago,41.808544,-87.640659,1,1,0,0,1,1
41.816507_-87.629441_513cb932fdc9f03587000cbe_Chicago.JPG,Chicago,41.816507,-87.629441,0,0,0,0,1,0
41.871973_-87.696129_513cbf16fdc9f03587001237_Chicago.JPG,Chicago,41.871973,-87.696129,0,0,0,0,1,1
41.894949_-87.625466_513d383cfdc9f03587002c43_Chicago.JPG,Chicago,41.894949,-87.625466,0,0,0,1,1,1
41.894248_-87.667368_513cc138fdc9f0358700145f_Chicago.JPG,Chicago,41.894248,-87.667368,1,1,0,0,1,0
41.759107_-87.698972_513d3020fdc9f035870026e4_Chicago.JPG,Chicago,41.759107,-87.698972,1,0,0,0,1,1
41.785806_-87.699665_513d354afdc9f03587002abc_Chicago.JPG,Chicago,41.785806,-87.699665,1,0,0,1,1,1
41.906962_-87.670014_513cb522fdc9f035870008eb_Chicago.JPG,Chicago,41.906962,-87.670014,0,0,0,0,2,1
41.804716_-87.721007_513cba98fdc9f03587000e03_Chicago.JPG,Chicago,41.804716,-87.721007,1,0,0,1,1,1
41.920993_-87.692715_513cbda6fdc9f035870010df_Chicago.JPG,Chicago,41.920993,-87.692715,0,0,0,2,1,0
41.743465_-87.668112_513cc2f6fdc9f03587001603_Chicago.JPG,Chicago,41.743465,-87.668112,0,0,0,1,1,0
41.919028_-87.795098_513d370efdc9f03587002bd5_Chicago.JPG,Chicago,41.919028,-87.795098,1,0,1,0,1,1
41.876365_-87.742672_513cc228fdc9f0358700153e_Chicago.JPG,Chicago,41.876365,-87.742672,1,0,1,1,1,1
41.854858_-87.646560_513cb80efdc9f03587000ba9_Chicago.JPG,Chicago,41.854858,-87.64656,1,0,0,1,0,1
41.877466_-87.728008_513d38a6fdc9f03587002c6f_Chicago.JPG,Chicago,41.877466,-87.728008,0,1,0,1,2,1
41.889845_-87.704022_513d32dafdc9f03587002905_Chicago.JPG,Chicago,41.889845,-87.704022,2,1,0,1,0,1
41.832898_-87.622492_513d354cfdc9f03587002abd_Chicago.JPG,Chicago,41.832898,-87.622492,1,0,1,1,1,1
41.929854_-87.731826_513cb70cfdc9f03587000ac4_Chicago.JPG,Chicago,41.929854,-87.731826,1,0,1,1,1,1
41.757886_-87.724471_513d38b0fdc9f03587002c71_Chicago.JPG,Chicago,41.757886,-87.724471,1,0,0,0,1,0
41.771395_-87.688311_513d3313fdc9f0358700292c_Chicago.JPG,Chicago,41.771395,-87.688311,0,0,0,1,2,0
41.889286_-87.662216_513cc47efdc9f03587001789_Chicago.JPG,Chicago,41.889286,-87.662216,1,0,0,1,0,0
41.938708_-87.789711_513d37dafdc9f03587002c20_Chicago.JPG,Chicago,41.938708,-87.789711,0,0,1,1,2,1
41.943483_-87.776407_513cc4d2fdc9f035870017d9_Chicago.JPG,Chicago,41.943483,-87.776407,0,0,1,1,0,1
41.961767_-87.655876_513cbde4fdc9f03587001117_Chicago.JPG,Chicago,41.961767,-87.655876,0,0,0,1,1,1
41.912743_-87.797311_513cbbd8fdc9f03587000f32_Chicago.JPG,Chicago,41.912743,-87.797311,0,1,0,2,1,0
41.823062_-87.674995_513d38befdc9f03587002c78_Chicago.JPG,Chicago,41.823062,-87.674995,1,1,0,1,0,0
41.904628_-87.667602_513d31a0fdc9f03587002810_Chicago.JPG,Chicago,41.904628,-87.667602,0,0,1,0,1,1
41.801538_-87.587673_513cc03afdc9f03587001360_Chicago.JPG,Chicago,41.801538,-87.587673,0,0,0,2,1,0
41.921210_-87.629277_513d3500fdc9f03587002a8a_Chicago.JPG,Chicago,41.92121,-87.629277,1,0,1,1,1,0
41.763369_-87.597605_513cb7e8fdc9f03587000b8a_Chicago.JPG,Chicago,41.763369,-87.597605,0,0,0,1,0,1
41.743684_-87.589192_513d33b0fdc9f03587002994_Chicago.JPG,Chicago,41.743684,-87.589192,0,0,1,0,1,0
41.908468_-87.690304_513cc134fdc9f0358700145b_Chicago.JPG,Chicago,41.908468,-87.690304,0,0,0,2,0,0
41.936041_-87.668722_513cc880fdc9f03587001b40_Chicago.JPG,Chicago,41.936041,-87.668722,0,0,0,1,1,1
41.905525_-87.677315_513cca10fdc9f03587001cb3_Chicago.JPG,Chicago,41.905525,-87.677315,0,0,0,2,1,0
41.840004_-87.615619_513cc290fdc9f035870015a7_Chicago.JPG,Chicago,41.840004,-87.615619,1,0,0,1,1,1
41.899195_-87.708821_513d33d0fdc9f035870029ad_Chicago.JPG,Chicago,41.899195,-87.708821,0,0,1,1,2,1
41.910955_-87.749220_513cbcacfdc9f03587000ffb_Chicago.JPG,Chicago,41.910955,-87.74922,0,0,1,1,1,0
41.928458_-87.646432_513cb986fdc9f03587000d0e_Chicago.JPG,Chicago,41.928458,-87.646432,1,0,0,1,2,1
41.938112_-87.652229_513cc80afdc9f03587001ad4_Chicago.JPG,Chicago,41.938112,-87.652229,1,0,0,1,1,1
41.755034_-87.599208_513cc9f2fdc9f03587001c9c_Chicago.JPG,Chicago,41.755034,-87.599208,0,1,0,1,2,1
41.809892_-87.632222_513cc460fdc9f0358700176d_Chicago.JPG,Chicago,41.809892,-87.632222,0,0,0,1,2,0
41.905525_-87.677315_513cbb36fdc9f03587000e9f_Chicago.JPG,Chicago,41.905525,-87.677315,0,0,0,0,1,1
41.901479_-87.632934_513d2e74fdc9f0358700259b_Chicago.JPG,Chicago,41.901479,-87.632934,1,0,0,1,1,1
41.922810_-87.653518_513cc8c4fdc9f03587001b81_Chicago.JPG,Chicago,41.92281,-87.653518,0,0,0,1,1,1
41.939120_-87.725292_513cb53dfdc9f03587000909_Chicago.JPG,Chicago,41.93912,-87.725292,2,0,0,1,2,2
41.749434_-87.723089_513cc066fdc9f0358700138c_Chicago.JPG,Chicago,41.749434,-87.723089,0,0,0,1,1,1
41.924769_-87.697302_513cc2f8fdc9f03587001605_Chicago.JPG,Chicago,41.924769,-87.697302,0,0,0,2,1,1
41.933673_-87.668510_513cb536fdc9f03587000900_Chicago.JPG,Chicago,41.933673,-87.66851,0,0,0,1,1,1
41.953502_-87.718863_513d2de8fdc9f03587002535_Chicago.JPG,Chicago,41.953502,-87.718863,1,0,0,1,0,1
41.771181_-87.739020_513d2f4cfdc9f0358700263b_Chicago.JPG,Chicago,41.771181,-87.73902,1,0,0,1,2,0
41.846420_-87.732680_513cc182fdc9f035870014a2_Chicago.JPG,Chicago,41.84642,-87.73268,0,0,1,0,1,1
41.959462_-87.691594_513d3788fdc9f03587002c03_Chicago.JPG,Chicago,41.959462,-87.691594,1,1,0,0,1,0
41.866152_-87.659105_513cc8ecfdc9f03587001bab_Chicago.JPG,Chicago,41.866152,-87.659105,0,0,0,0,1,0
41.755855_-87.660344_513cc348fdc9f03587001658_Chicago.JPG,Chicago,41.755855,-87.660344,0,0,1,0,0,1
41.841314_-87.629183_513cb322fdc9f03587000703_Chicago.JPG,Chicago,41.841314,-87.629183,0,0,0,2,1,1
41.878782_-87.619184_513cb8aefdc9f03587000c46_Chicago.JPG,Chicago,41.878782,-87.619184,0,0,0,1,1,2
41.896647_-87.686992_513d3790fdc9f03587002c04_Chicago.JPG,Chicago,41.896647,-87.686992,0,1,0,1,1,0
41.783543_-87.763154_513cc05afdc9f03587001380_Chicago.JPG,Chicago,41.783543,-87.763154,1,0,0,1,1,2
41.936402_-87.791423_513cc1a6fdc9f035870014c5_Chicago.JPG,Chicago,41.936402,-87.791423,1,0,0,1,1,1
41.779940_-87.633437_513d36befdc9f03587002bba_Chicago.JPG,Chicago,41.77994,-87.633437,1,0,1,1,2,1
41.910151_-87.708627_513cbe64fdc9f03587001194_Chicago.JPG,Chicago,41.910151,-87.708627,1,0,1,0,2,1
41.939894_-87.655220_513cc706fdc9f035870019e5_Chicago.JPG,Chicago,41.939894,-87.65522,1,0,0,1,1,0
41.890864_-87.676904_513d337cfdc9f03587002973_Chicago.JPG,Chicago,41.890864,-87.676904,1,0,0,0,1,1
41.789785_-87.580596_513cbdf6fdc9f03587001128_Chicago.JPG,Chicago,41.789785,-87.580596,0,0,0,0,1,1
41.969031_-87.658683_513d2dc6fdc9f0358700251a_Chicago.JPG,Chicago,41.969031,-87.658683,0,0,0,1,2,0
41.862152_-87.696829_513cb99afdc9f03587000d22_Chicago.JPG,Chicago,41.862152,-87.696829,0,0,0,1,1,0
41.832525_-87.675338_513d30d6fdc9f03587002772_Chicago.JPG,Chicago,41.832525,-87.675338,0,0,0,1,2,0
41.901580_-87.714880_513d3814fdc9f03587002c36_Chicago.JPG,Chicago,41.90158,-87.71488,0,0,0,1,1,0
41.831144_-87.686999_513cbfa0fdc9f035870012c9_Chicago.JPG,Chicago,41.831144,-87.686999,0,0,0,1,1,0
41.884166_-87.698812_513cc0f8fdc9f03587001420_Chicago.JPG,Chicago,41.884166,-87.698812,1,1,0,1,1,1
41.793763_-87.714582_513cc708fdc9f035870019e6_Chicago.JPG,Chicago,41.793763,-87.714582,0,0,0,1,0,1
41.765757_-87.609225_513d3584fdc9f03587002aec_Chicago.JPG,Chicago,41.765757,-87.609225,0,1,0,1,1,0
41.860707_-87.737233_513d3454fdc9f03587002a0d_Chicago.JPG,Chicago,41.860707,-87.737233,1,0,1,2,2,1
41.771699_-87.701573_513cc352fdc9f03587001664_Chicago.JPG,Chicago,41.771699,-87.701573,1,0,1,1,0,1
41.808384_-87.719904_513d334efdc9f03587002956_Chicago.JPG,Chicago,41.808384,-87.719904,0,0,0,0,0,2
41.894802_-87.768424_513d2e8afdc9f035870025ad_Chicago.JPG,Chicago,41.894802,-87.768424,0,0,0,0,1,0
41.749600_-87.711871_513d2f16fdc9f03587002617_Chicago.JPG,Chicago,41.7496,-87.711871,0,0,0,0,1,1
41.839544_-87.627268_513cb7cbfdc9f03587000b6c_Chicago.JPG,Chicago,41.839544,-87.627268,1,0,0,1,1,2
41.862881_-87.712866_513cb544fdc9f03587000911_Chicago.JPG,Chicago,41.862881,-87.712866,1,0,0,1,1,1
41.809391_-87.615667_513cb6defdc9f03587000a9b_Chicago.JPG,Chicago,41.809391,-87.615667,1,1,0,1,1,1
41.901808_-87.633445_513cc45afdc9f03587001766_Chicago.JPG,Chicago,41.901808,-87.633445,1,0,0,1,1,0
41.895847_-87.694237_513cb560fdc9f0358700092b_Chicago.JPG,Chicago,41.895847,-87.694237,1,0,0,0,0,1
41.824834_-87.692220_513cb95cfdc9f03587000ce5_Chicago.JPG,Chicago,41.824834,-87.69222,0,0,0,1,1,1
41.828723_-87.674019_513d3232fdc9f03587002885_Chicago.JPG,Chicago,41.828723,-87.674019,0,0,1,0,1,1
41.904026_-87.667432_513d2d9afdc9f035870024fe_Chicago.JPG,Chicago,41.904026,-87.667432,0,0,0,2,1,1
41.938281_-87.696555_513d2f1dfdc9f0358700261b_Chicago.JPG,Chicago,41.938281,-87.696555,1,0,1,0,1,2
41.909862_-87.723880_513cb711fdc9f03587000ac8_Chicago.JPG,Chicago,41.909862,-87.72388,1,0,0,1,1,0
41.772989_-87.569961_513d34e2fdc9f03587002a76_Chicago.JPG,Chicago,41.772989,-87.569961,0,0,1,1,0,0
41.814007_-87.668922_513cbcdafdc9f0358700101f_Chicago.JPG,Chicago,41.814007,-87.668922,0,0,0,1,1,1
41.791406_-87.598131_513d35fefdc9f03587002b4c_Chicago.JPG,Chicago,41.791406,-87.598131,1,1,1,0,1,1
41.870041_-87.717972_513d31cafdc9f03587002830_Chicago.JPG,Chicago,41.870041,-87.717972,1,0,0,1,1,1
41.934644_-87.717820_513d36f4fdc9f03587002bca_Chicago.JPG,Chicago,41.934644,-87.71782,1,0,0,0,1,0
41.801896_-87.627909_513cb55dfdc9f03587000928_Chicago.JPG,Chicago,41.801896,-87.627909,0,0,0,1,0,2
41.912923_-87.773463_513d2d66fdc9f035870024d5_Chicago.JPG,Chicago,41.912923,-87.773463,2,0,0,1,1,1
41.925777_-87.677940_513cc13cfdc9f03587001462_Chicago.JPG,Chicago,41.925777,-87.67794,0,0,1,1,1,1
41.912289_-87.752129_513cc324fdc9f03587001633_Chicago.JPG,Chicago,41.912289,-87.752129,0,0,0,2,1,1
41.920924_-87.711968_513d322cfdc9f03587002880_Chicago.JPG,Chicago,41.920924,-87.711968,1,1,0,1,2,1
41.742976_-87.609843_513cbe56fdc9f03587001188_Chicago.JPG,Chicago,41.742976,-87.609843,0,0,0,2,0,1
41.855855_-87.673518_513cbb9efdc9f03587000f01_Chicago.JPG,Chicago,41.855855,-87.673518,1,0,0,2,0,2
41.912743_-87.797311_513d368afdc9f03587002ba9_Chicago.JPG,Chicago,41.912743,-87.797311,0,0,0,1,1,1
41.895274_-87.730651_513cb64cfdc9f03587000a19_Chicago.JPG,Chicago,41.895274,-87.730651,1,0,0,1,2,1
41.856388_-87.633104_513cb994fdc9f03587000d1d_Chicago.JPG,Chicago,41.856388,-87.633104,0,0,0,1,1,1
41.779044_-87.642632_513cb6b0fdc9f03587000a73_Chicago.JPG,Chicago,41.779044,-87.642632,1,0,0,0,1,1
41.778766_-87.742204_513d33e2fdc9f035870029bb_Chicago.JPG,Chicago,41.778766,-87.742204,1,0,0,0,0,2
41.945531_-87.793522_513d32c2fdc9f035870028f2_Chicago.JPG,Chicago,41.945531,-87.793522,0,0,0,1,2,1
41.946534_-87.715223_513cc20afdc9f03587001522_Chicago.JPG,Chicago,41.946534,-87.715223,1,0,0,1,1,1
41.828767_-87.724176_513d30b4fdc9f03587002757_Chicago.JPG,Chicago,41.828767,-87.724176,1,1,0,0,0,1
41.764375_-87.702658_513cc196fdc9f035870014b6_Chicago.JPG,Chicago,41.764375,-87.702658,1,0,0,1,1,0
41.882117_-87.773306_513cbf1afdc9f0358700123c_Chicago.JPG,Chicago,41.882117,-87.773306,1,0,1,0,0,1
41.811081_-87.665103_513d2f9afdc9f03587002678_Chicago.JPG,Chicago,41.811081,-87.665103,0,0,1,1,1,1
41.919799_-87.668270_513d3578fdc9f03587002ae3_Chicago.JPG,Chicago,41.919799,-87.66827,0,0,0,1,1,1
41.798709_-87.657041_513cb634fdc9f03587000a01_Chicago.JPG,Chicago,41.798709,-87.657041,0,0,1,1,1,0
41.920243_-87.760937_513cbd96fdc9f035870010ce_Chicago.JPG,Chicago,41.920243,-87.760937,0,0,0,1,1,1
41.797813_-87.784550_513cb30efdc9f035870006f0_Chicago.JPG,Chicago,41.797813,-87.78455,2,1,1,1,1,1
41.924387_-87.725531_513cbd2afdc9f03587001065_Chicago.JPG,Chicago,41.924387,-87.725531,0,0,0,0,1,0
41.962444_-87.759271_513cc39afdc9f035870016ad_Chicago.JPG,Chicago,41.962444,-87.759271,0,1,0,1,1,1
41.847502_-87.692835_513d3348fdc9f03587002952_Chicago.JPG,Chicago,41.847502,-87.692835,0,1,0,1,1,1
41.747708_-87.719416_513d3094fdc9f03587002740_Chicago.JPG,Chicago,41.747708,-87.719416,0,0,1,1,1,1
41.786808_-87.699694_513cc56afdc9f03587001866_Chicago.JPG,Chicago,41.786808,-87.699694,2,0,0,0,2,1
41.952881_-87.789488_513cb85afdc9f03587000bee_Chicago.JPG,Chicago,41.952881,-87.789488,0,1,0,2,2,1
41.952301_-87.680512_513cb57afdc9f03587000943_Chicago.JPG,Chicago,41.952301,-87.680512,0,0,1,1,1,0
41.959111_-87.645531_513cc724fdc9f03587001a01_Chicago.JPG,Chicago,41.959111,-87.645531,1,0,0,1,1,0
41.835339_-87.665745_513d3474fdc9f03587002a27_Chicago.JPG,Chicago,41.835339,-87.665745,0,0,0,1,1,2
41.900600_-87.631356_513d3568fdc9f03587002ad3_Chicago.JPG,Chicago,41.9006,-87.631356,0,0,0,0,2,0
41.842549_-87.714638_513d343afdc9f035870029fd_Chicago.JPG,Chicago,41.842549,-87.714638,0,0,1,1,0,1
41.885230_-87.652138_513cb630fdc9f035870009fe_Chicago.JPG,Chicago,41.88523,-87.652138,1,0,0,0,0,0
41.891248_-87.766527_513d34ecfdc9f03587002a7e_Chicago.JPG,Chicago,41.891248,-87.766527,0,0,0,1,1,1
41.769627_-87.637251_513cc254fdc9f03587001568_Chicago.JPG,Chicago,41.769627,-87.637251,0,0,0,2,0,2
41.784076_-87.726048_513cb590fdc9f0358700095a_Chicago.JPG,Chicago,41.784076,-87.726048,0,0,0,0,2,0
41.885586_-87.651258_513d3008fdc9f035870026d2_Chicago.JPG,Chicago,41.885586,-87.651258,0,0,0,1,2,2
41.747635_-87.603315_513cb79cfdc9f03587000b45_Chicago.JPG,Chicago,41.747635,-87.603315,0,0,0,1,0,2
41.946994_-87.668766_513cb9a0fdc9f03587000d26_Chicago.JPG,Chicago,41.946994,-87.668766,0,0,0,0,1,0
41.860938_-87.646731_513cb306fdc9f035870006e7_Chicago.JPG,Chicago,41.860938,-87.646731,1,0,0,1,2,1
41.934232_-87.635818_513d35e0fdc9f03587002b36_Chicago.JPG,Chicago,41.934232,-87.635818,1,0,0,1,1,1
41.779351_-87.665473_513d31f2fdc9f03587002850_Chicago.JPG,Chicago,41.779351,-87.665473,0,0,0,1,0,1
41.829791_-87.716838_513cc48afdc9f03587001792_Chicago.JPG,Chicago,41.829791,-87.716838,1,0,0,1,2,0
41.969031_-87.659477_513cbcb4fdc9f03587001002_Chicago.JPG,Chicago,41.969031,-87.659477,1,0,1,0,1,2
41.932248_-87.681264_513cc6f2fdc9f035870019d0_Chicago.JPG,Chicago,41.932248,-87.681264,2,1,0,1,1,0
41.868169_-87.710381_513cbbb4fdc9f03587000f0f_Chicago.JPG,Chicago,41.868169,-87.710381,0,0,0,1,1,1
41.881753_-87.754030_513cc276fdc9f0358700158f_Chicago.JPG,Chicago,41.881753,-87.75403,2,0,0,1,0,0
41.792074_-87.669400_513d312efdc9f035870027b8_Chicago.JPG,Chicago,41.792074,-87.6694,1,0,0,1,2,1
41.783846_-87.586379_513cc1d0fdc9f035870014eb_Chicago.JPG,Chicago,41.783846,-87.586379,0,0,0,1,1,1
41.875811_-87.754898_513d354efdc9f03587002abe_Chicago.JPG,Chicago,41.875811,-87.754898,1,0,0,2,1,1
41.819907_-87.638485_513cc038fdc9f0358700135f_Chicago.JPG,Chicago,41.819907,-87.638485,0,0,0,1,1,1
41.753118_-87.607711_513cc770fdc9f03587001a43_Chicago.JPG,Chicago,41.753118,-87.607711,0,0,0,1,0,1
41.748005_-87.700509_513cc408fdc9f03587001718_Chicago.JPG,Chicago,41.748005,-87.700509,2,0,0,1,1,0
41.805318_-87.643020_513d3888fdc9f03587002c60_Chicago.JPG,Chicago,41.805318,-87.64302,1,0,0,1,1,1
41.907721_-87.728885_513cb88cfdc9f03587000c26_Chicago.JPG,Chicago,41.907721,-87.728885,0,0,1,2,1,1
41.881249_-87.644087_513cbe2afdc9f0358700115b_Chicago.JPG,Chicago,41.881249,-87.644087,1,0,0,1,2,0
41.803827_-87.622703_513d38b2fdc9f03587002c72_Chicago.JPG,Chicago,41.803827,-87.622703,1,0,0,1,2,1
41.926042_-87.669391_513cc3c2fdc9f035870016d4_Chicago.JPG,Chicago,41.926042,-87.669391,1,0,0,0,0,1
41.864338_-87.733683_513cc540fdc9f03587001843_Chicago.JPG,Chicago,41.864338,-87.733683,1,0,0,2,1,1
41.820455_-87.605187_513cc930fdc9f03587001be7_Chicago.JPG,Chicago,41.820455,-87.605187,1,0,0,1,1,1
41.917197_-87.725477_513d34aefdc9f03587002a50_Chicago.JPG,Chicago,41.917197,-87.725477,1,0,0,2,1,0
41.889543_-87.616100_513d333cfdc9f03587002946_Chicago.JPG,Chicago,41.889543,-87.6161,0,0,0,1,1,0
41.917843_-87.675195_513cc414fdc9f03587001721_Chicago.JPG,Chicago,41.917843,-87.675195,1,0,0,1,0,0
41.930440_-87.685285_513cc2f2fdc9f03587001600_Chicago.JPG,Chicago,41.93044,-87.685285,1,1,0,0,1,1
41.930017_-87.722039_513d37eafdc9f03587002c27_Chicago.JPG,Chicago,41.930017,-87.722039,2,0,1,1,1,1
41.819571_-87.601526_513d304efdc9f03587002709_Chicago.JPG,Chicago,41.819571,-87.601526,1,1,0,2,2,1
41.844472_-87.647512_513d2f85fdc9f03587002668_Chicago.JPG,Chicago,41.844472,-87.647512,1,1,0,1,2,0
41.936652_-87.656422_513d33b2fdc9f03587002996_Chicago.JPG,Chicago,41.936652,-87.656422,1,0,0,0,2,1
41.755755_-87.658728_513cc256fdc9f0358700156a_Chicago.JPG,Chicago,41.755755,-87.658728,1,0,1,0,1,1
41.809618_-87.604363_513d37c2fdc9f03587002c16_Chicago.JPG,Chicago,41.809618,-87.604363,0,0,0,1,1,0
41.967124_-87.661119_513d38f4fdc9f03587002c8c_Chicago.JPG,Chicago,41.967124,-87.661119,1,0,0,1,1,0
41.857668_-87.661328_513cb314fdc9f035870006f7_Chicago.JPG,Chicago,41.857668,-87.661328,1,0,0,1,1,1
41.920924_-87.711968_513d3218fdc9f0358700286e_Chicago.JPG,Chicago,41.920924,-87.711968,1,0,0,1,1,0
41.779699_-87.648479_513cbfe8fdc9f03587001315_Chicago.JPG,Chicago,41.779699,-87.648479,0,0,0,1,1,1
41.750780_-87.661826_513cb5c0fdc9f03587000986_Chicago.JPG,Chicago,41.75078,-87.661826,0,1,0,1,0,0
41.887685_-87.725862_513cc386fdc9f03587001699_Chicago.JPG,Chicago,41.887685,-87.725862,0,0,1,2,1,0
41.796588_-87.583975_513d37e8fdc9f03587002c26_Chicago.JPG,Chicago,41.796588,-87.583975,1,0,0,2,1,1
41.959281_-87.716107_513cc926fdc9f03587001be0_Chicago.JPG,Chicago,41.959281,-87.716107,0,0,0,2,1,1
41.850041_-87.632473_513d3822fdc9f03587002c3b_Chicago.JPG,Chicago,41.850041,-87.632473,1,0,0,1,1,0
41.889289_-87.638124_513d3422fdc9f035870029e8_Chicago.JPG,Chicago,41.889289,-87.638124,0,0,0,0,1,1
41.929059_-87.674413_513cbeccfdc9f035870011f1_Chicago.JPG,Chicago,41.929059,-87.674413,0,1,0,1,1,2
41.932395_-87.746565_513cb8d4fdc9f03587000c6a_Chicago.JPG,Chicago,41.932395,-87.746565,0,0,1,2,2,1
41.757184_-87.687359_513cbc76fdc9f03587000fc8_Chicago.JPG,Chicago,41.757184,-87.687359,1,1,0,1,1,0
41.804017_-87.738794_513cbe5dfdc9f0358700118b_Chicago.JPG,Chicago,41.804017,-87.738794,1,0,0,1,1,1
41.805020_-87.664814_513d3068fdc9f0358700271e_Chicago.JPG,Chicago,41.80502,-87.664814,0,0,0,1,1,1
41.922702_-87.727930_513d324cfdc9f03587002899_Chicago.JPG,Chicago,41.922702,-87.72793,0,0,0,0,1,2
41.909814_-87.736284_513d2e78fdc9f0358700259f_Chicago.JPG,Chicago,41.909814,-87.736284,0,1,1,1,1,2
41.968657_-87.728033_513cc8b0fdc9f03587001b6e_Chicago.JPG,Chicago,41.968657,-87.728033,1,0,0,1,0,1
